1,"ascii","https://ascii.jp","IoT","https://ascii.jp/elem/000/001/932/1932567/index-2.html","ASCII.jp：Xperia 5とXperia 1の違いをチェック！ Xperia 1にはない機能 ...","2019年09月09日 12時00分更新","","　カメラの性能もアウトカメラが、約1220万画素（標準、F値1.6）、約1220万（望遠、F値2.4）、約1220万（超広角、F値2.4）、インカメラが約800万画素とスペックは同じ。搭載しているカメラ用のセンサーも同じだ。ただしアウトカメラの標準だけおなじ世代のセンサーではあるものの、Xperia 1はメモリー積層なのにたいして、Xperia 5はメモリーを搭載していないモデルとなっている。そのため、960fpsでのスーパースローモーションには対応していない。
　カメラの配置位置はXperia 1が背面中央なのに対し、Xperia 5は左上。さらに細かいポイントだが、レンズの並びはXperia 1が上から標準、望遠、広角だが、Xperia 5は望遠、標準、広角となっている。
　ハードウェアスペックの差だけでなく、ソフトウェアにも細かい点で違いがある。まず、カメラアプリでは「撮影アドバイス機能」を搭載。指がかぶって映り込んでしまったり、フォーカスがずれている場合は撮影前に、眼を閉じていたりぶれたりしている場合は撮影後に通知が表示される。
　映画のような本格的な映像が撮影できる「Cinema Pro」にも変更がある。たとえばプロジェクト名に任意の名前をつけられたり、フレームラインを4：3などに切り替え可能。また音声のレベル調整もできるので、音の大きなシーンでは音割れしないように調整できる。Cinema ProはType-C接続の外部マイク入力にも対応しているので、映像だけでなく音にもこだわれるのはうれしいポイントだ。
　またゲーム専用のセッティングができる「Game enhancer」もアップデートされており、ゲーム中はSNSなどの通知だけでなく、電話の着信通知もオフにできるようになっている。
　そのほか最大20コマ/秒の連続したスクリーンショットが撮れる「スクリーンショットバースト」や、ゲーム配信機能利用時にオーディオミキサーやボイスチェンジャーが利用できるようになった。
　ソニーモバイルによると、これらXperia 5のみの機能はXperia 1でもいくつかはアップデートで対応するが、時期は未定でXperia 1のOSアップデートに合わせて行われる可能性が高いとのこと。
　逆にXperia 5でなくなった機能が、日本語入力の「POBox」。Xperiaシリーズだけでなく、フィーチャーフォンやPDAのころから開発＆搭載されてきた日本語入力アプリで愛用者も多いが、ついに非搭載となってしまった。
　全体としてはサイズ以外にほぼ違いはなく、Xperia 1がアップデートするまで独自機能も多い。日本版が発売されたらサイズ感と操作性にポイントを置いて、Xperia 5を選ぶというのも十分アリなモデルだ。
ツイートする
カテゴリートップへ"
﻿2,"ascii","https://ascii.jp","IoT","https://ascii.jp/elem/000/001/923/1923233/","ASCII.jp：データを戦略的に活用したい人はいかが？DX時代を考える ...","2019年09月09日 11時00分更新","","　ASCIIとネットアップ合同会社は9月26日、日本橋コングレスクエアで「忖度のないデータ基盤談義～データを味方に付けるDX時代の鍵～」を開催する。当日は、デジタルトランスフォーメーション（DX）の最中にある放送業界を例として、データを味方につけ、AIを活用するためのサービス基盤について考える。
　これまではストレージを購入して仮想化基盤やデータ保護、バックアップに使っていたが、今後はデータを戦略的に活用したいという人におすすめしたい本イベント。ただいま入場者を募集している。入場料は無料。
　登壇いただくのは、放送業界においてITによる新しいチャレンジを進めているテレビ東京の段野 祐一郎氏、放送事業者向けにSNSの視聴者動画を提案するSpecteeの村上建治郎氏。また、ネットアップの近藤正孝氏からは事例を踏まえて最新のデータ基盤について解説してもらう。最後のパネルディスカッションでは、登壇者にネットアップ 平松貢氏が加わり、デジタルトランスフォーメーションを実現するデータ基盤についてまさに忖度のない議論を繰り広げる。
ツイートする
カテゴリートップへ"
﻿3,"ascii","https://ascii.jp","IoT","https://ascii.jp/elem/000/001/932/1932294/?new","ASCII.jp：「2画面ノート」流行るでしょうか？ (1/3)｜Windows情報局なな ...","2019年09月09日 09時00分更新","","ZenBookでは「ScreenPad」対応モデルが増えてきた　筆者撮影
　最近、2つのディスプレーを搭載したノートPCが徐々に登場しています。メインの画面とは別に、ノートPCの空きスペースに2つ目の画面を搭載し、有効活用しようというアイデアです。
　なるべく多くの面積をディスプレーにしようという方向性は最近のスマホの進化にも似ていますが、2つ目の画面の活用方法によっては今後のトレンドになる可能性があります。
　ノートPCではディスプレー周囲の余白をなるべく減らす狭額縁化が進んでいます。最近では面積のほとんどをディスプレーが占める機種も出てきており、そろそろ限界に達するかと思われてきました。
　そこでキーボードやタッチパッドの側に表示領域を拡張しようと挑戦しているのがASUSです。ノートPCのタッチパッド部分に液晶画面を埋め込んだ「ScreenPad」を、ASUSのZenBookシリーズが続々と採用しています。
　最新モデルの「ZenBook Pro Duo」では、キーボードを手前側に、タッチパッドを右端に寄せ、奥に空いたスペースに横長の画面を搭載することで、15型のメイン画面と合わせて本格的な2画面を実現しています。
　15型のZenBook Pro Duoは下位モデルでも36万円と、クリエイターやプロフェッショナル向けの価格帯です。これに対して海外では、より手の届きやすい14型の「ZenBook Duo」も展開しています。
ツイートする"
﻿4,"ascii","https://ascii.jp","IoT","https://ascii.jp/elem/000/001/932/1932589/index-2.html","ASCII.jp：32bitプロセッサーの開発を続けたHP 業界に多大な影響を与え ...","2019年09月09日 12時00分更新","","　さて、HPはこのチップを研究用に留めず、製品に持ち込むことにした。FOCUSと名付けられたこのチップ、開発そのものはFort Collins部門で行なわれたが、同じFort Collins部門中に所在するEngineering Systems部門(もともとはDesktop Computer部門のEngineering Systems Operationという部隊が独立した)がこれをベースとしたシステムを開発する。
　CPUそのものは発表されたものをそのまま使い、新たにI/Oプロセッサーやメモリーコントローラー、クロックジェネレーター、それと128Kbit DRAMが新たに開発された。
画像の出典は、Hewlett-Packard Journal August 1983
　システムの構成は以下の画像のとおり。I/Oプロセッサーは、上の画像の(a)と(b)を見比べていただくとわかるように非常によく似た構造になっている。
画像の出典は、Hewlett-Packard Journal August 1983
　実際内部は下の画像のような構造で、プロセッサー制御部そのものはCPUの構造を流用(ただし命令数などは減らしている模様)し、その代わり周辺回路をいろいろ追加した形になっている。
画像の出典は、Hewlett-Packard Journal August 1983
　メモリーコントローラーは最大256KBのDRAMまで管理可能になっており、これらのチップ(とDRAM)は、独特のカートリッジ形状でシャーシに搭載される、なかなかスマートな構造だった。
画像の出典は、Hewlett-Packard Journal August 1983
ツイートする"
﻿5,"ascii","https://ascii.jp","IoT","https://ascii.jp/elem/000/001/932/1932669/?new","ASCII.jp：楽天がキャリアに参入する意味はあるのか｜石川温のPC ...","2019年09月09日 09時00分更新","","楽天 大尾嘉宏人営業・マーケティング本部長　筆者撮影
　9月6日、楽天は「携帯キャリアについての記者発表会」を開催した。
　当初10月1日から商用サービスを開始するとしていたが延期とし、10月から「無料サポータープログラム」として5000名限定のサービスを提供するとした。
　注目された料金プランも発表せず、参加したメディアは肩透かしを食らった。
　今回、記者発表会を取材して改めて感じたのが「そもそも楽天は第4のキャリアとして参入する意味があるのか」という点だ。
　記者発表会は前半がキャリアとしての事業について、後半が現在手がけているMVNOと新製品ラインナップの紹介という2部構成で行なわれた。
　特に現在、格安スマホ「楽天モバイル」として提供されているMVNO事業はかなり好調だというのだ。
　同社の大尾嘉宏人営業・マーケティング本部長によれば、昨今、格安スマホ市場全体の成長が停滞する中、楽天モバイルだけは好調で、すでに契約回線数は220万件を突破。「スマホのネット契約数」「乗り換えたい通信サービス」「MVNO事業者シェア」「メインで利用する格安SIMサービス」など、シェアだけでなくアンケートでもナンバーワンを獲得しているという。
　素人考えからすれば「わざわざ設備投資に6000億円を使って基地局を設置するものの、用地獲得がうまくいかず、総務省から3回も行政指導を食らうくらいなら、キャリアになんて参入せず、成功しているMVNOで手堅く稼げばいいのではないか」と思ってしまうのだ。
　今年2月、「楽天はなぜ、あえてキャリアに参入するのか。MVNOじゃダメなのか」という素朴な質問を三木谷浩史社長に直接、ぶつけたことがある。その際、三木谷社長は「日本のMVNOは、フルMVNOではなく、回線のリセラーにすぎない。技術的な工夫はできないし、使おうが使わなかろうが帯域にコストがかかる。言い方は悪いが、MNOの奴隷みたいなものだ」と言い切っていた。
　ただ今回発表された内容を見ると「キャリアだから実現できた」というわけでもないようにも感じる。
　5000名に提供される「無料サポータープログラム」はその名の通り、無料で音声通話とデータ通信が無制限に使える。
　これは楽天の東京23区、名古屋市、大阪市という自社エリア内だけでなく、au回線にローミングする、それ以外の地域でも「使い放題」で利用可能だ。
　通常、MVNOでは他社に回線を借りるため、借りる帯域に応じて接続料を支払う必要があり、使い放題のプランが提供しづらい。しかし、楽天は今回、auから回線を借り、接続料を支払っているにも関わらず、使い放題が提供できている。つまり、MVNOやローミングなど、他社との契約条件によっては、わざわざキャリアにならなくても、無制限の使い放題が提供できることを意味している。
　今回、楽天ではMNOのユーザーに対して「Link」というアプリを提供する予定だ。グループ通話やボイス・ビデオメッセージ、ファイル送信やクラウド、AI、ゲーム、デスクトップなどの機能が提供されるようだ。おそらく、これが三木谷社長のいう「技術的な工夫」によって実現したサービスなのだろう。
　ただ、現状、LINEというマルチキャリア、フェイスブックメッセンジャーというマルチデバイスで使える無料通話、メッセンジャーアプリが全盛だ。
　NTTドコモ、KDDI、ソフトバンクですら、3社共同で「＋メッセージ」というサービスを立ち上げたにも関わらず、アクティブにユーザーが増えないという悲惨な状況に陥っている中、「楽天モバイルのユーザーしか使えないメッセンジャーアプリ」にどれだけ需要があるのか、見当もつかない。
　3キャリアですら、オープンな志向を目指している中、なぜ、楽天はそこに逆行し、あえて単独キャリアでクローズドな世界でユーザーを囲い込もうとするのか。
　Linkを本気で普及させたいのなら、220万ユーザーを抱えるMVNO利用者から使わせるべきだし、MVNO網で使えるならば、他社ユーザーにも開放するのが賢明だ。
　今まで以上に安価な料金プランを提供したいのなら、キャリアと交渉し、接続料の条件を見直してもらったほうが手っ取り早い。eSIMなどの最先端の技術を導入したいのであれば、IIJのようにフルMVNOになったほうが、安上がりだ。
　「楽天のMVNO事業が好調だ」と言われるたびに、「じゃあ、なんであえて莫大な投資をしてキャリアに参入するのか」が理解できないのだ。
ツイートする
カテゴリートップへ"
﻿6,"ascii","https://ascii.jp","IoT","https://ascii.jp/elem/000/001/932/1932017/","ASCII.jp：AKM AK4490 DACチップ搭載のポータブルヘッドフォンアンプ ...","2019年09月09日 11時00分更新","","　アユートは9月9日、独ヘッドフォンメーカー「ULTRASONE（ウルトラゾーン）」のポータブルヘッドフォンアンプ「Panther（パンサー）」を発売した。
　ULTRASONEのEditionシリーズなどの大型ハイエンドヘッドフォンもドライブできるバランス出力時950mW@32Ωというハイパワー出力のポータブルヘッドフォンアンプ。ヘッドフォン出力は3.5mm／3極と2.5mm／4極バランスを搭載。インピーダンスが300Ωのヘッドフォンも駆動可能。
　旭化成エレクトロニクスのDACチップAK4490を搭載し、PCM 384kHz／32bit、DSD256（11.2MHz／1bit）のネイティブ再生に対応。大容量3000mAhのバッテリー搭載しており、USB OTG接続で最大15時間の連続再生が可能という。
　価格は5万907円（税抜）／5万4980円（税込み）となる見込み。
ツイートする
カテゴリートップへ"
﻿7,"ascii","https://ascii.jp","IoT","https://ascii.jp/elem/000/001/932/1932623/","ASCII.jp：ソニー独占はもう終わり!! ノイズキャンセル対応完全ワイヤレス ...","2019年09月09日 13時00分更新","","　完全ワイヤレスイヤホンの中でもソニーだけが唯一実現していた技術が、音楽リスニングの際に周囲の騒音を低減するアクティブ・ノイズキャンセル技術。そんなソニーのライバルと呼べる完全ワイヤレスイヤホンが、IFA 2019では3機種登場。IFA 2019の会場でノイズキャンセル効果を体験したのでレポートする。
　完全ワイヤレスイヤホンでノイズキャンセル対応の第一弾が、ファーウェイが発表した「Freebuds 3」。ファーウェイが自らプレスカンファレンスでライバルとして名指ししていたアップルの「AirPods」に非常に良く似ていると呼ぶしかないデザインで、構造的にもAirPodsと同じオープン型。つまり、カナル型のように耳が塞がっておらず、基本的には外の音が入る構造でいながら、アクティブノイズキャンセル対応を謳っているのだから、かなりチャレンジングな仕様だ。
　Freebuds 3の内部にはファーウェイ製の「Kirin A1」チップを搭載。最大15dBまでのノイズ低減が可能で、外音にあわせて自動的にNC効果が調整される。
　IFA 2019のファーウェイブースで実際にFreebuds 3で音楽を聴いてみると……。元のサウンドまでAirPodsを彷彿とさせる中域に厚みのある音というのもあるが、Freebuds 3の左イヤホンをノックしてノイズキャンセルをOnにすると、一気に外部の騒音のレベルを押さえて、遠くで小音量でガヤガヤするような雰囲気に。これは十分効果を実感できる水準だ。
　ただ、音楽を聞きながらでも騒音は気になってしまうので、正直に言って、これでカナル型でノイズキャンセルならもっと性能が上がるだろう。むしろ、オープン型では耳に直接入ってくる音もある状態で、このレベルのノイズキャンセルをよく仕上げたな、という方が驚きだった。
　FreeBuds 3は欧州では10月に発売予定。ワイヤレス充電にも対応。ノイズキャンセル付きのAirPodsが登場すると考えると、相当にユニークな存在と呼びたい。
　IFA 2019の会場で多数ある完全ワイヤレスイヤホンの中に、普通にノイズキャンセル対応モデルが置かれていたのがデンマークLibratone社による「Track Air +」だ。
　「Track Air +」でノイズキャンセルを実現しているチップはクアルコムの「QCC5100シリーズ」。実はリリースは古く、2018年1月には発表されていたが（完全ワイヤレスの音切れなくす？　期待のクアルコム新チップ）、高機能過ぎるゆえかチップの出荷が遅れていて、QCC3020シリーズなど後発チップの出荷にも抜かれていた。だが、QCC5100シリーズが出回ればどこのブランドも当たり前にノイズキャンセル対応完全ワイヤレスイヤホンを作れる、そんなゲームチェンジャーになると呼ばれていた代物だ。
　ノイズキャンセル機能は4つのマイクを内蔵したフィードバック・フィードフォワードのハイブリッド型。マニュアル設定だけでなく、ユーザーの環境や動きに応じて適切なノイズキャンセリングレベルに自動的に調整。最大30dbまでのノイズキャンセルが可能としている。
　IFA 2019の会場では実際に「Track Air +」を装着してノイズキャンセル効果を確かめた。率直に言ってかなり効果アリ。アプリで最大30段階で調整できるのだが、最大の「30」の状態ではIFA 2019の喧騒もグッっと絞られて、ほとんど気にならないレベルに。あまりに効き過ぎたところが予想外だった。
　「14」程度まで効果を下げても喧騒を少し感じる程度に落ち着く。短時間の検証だがノイズキャンセルイヤホンとして実用レベルにありそうだ。Libratone社は過去にもノイズキャンセル対応の実績があるので、チューニングも含めてお手の物なのかもしれない。あとは、電車や飛行機といった騒音にどれだけ対応できるか次第。
　「Track Air +」は英国では8月より発売されているモデルで、欧州価格は199ユーロ（約2万4000円）。日本でも取り扱いのあるブランドで日本語版の製品ページも既に存在する（公式ページ）くらいなので、日本での発売にも期待大だ。
　IFA 2019で以外なブランドから登場するノイズキャンセル対応完全ワイヤレスイヤホンがMASTER & DYNAMIC社の「NW07 PLUS」だ。MASTER & DYNAMIC社はニューヨークに拠点を置くヘッドホン・イヤホンブランドで、日本でもオリジナルモデルにあたる「NW07」は発売中で、べっこう柄のデザインで人気だ。
　ノイズキャンセルの性能は4つのマイクを内蔵したフィードバック、フィードフォワードマイクシステムを採用しており、こちらもクアルコム社の”QCC5100シリーズ”採用と見られる。会場では実際にノイズキャンセル効果を体験できる状態ではなくショーケース内の展示のみだったが、期待の高まるモデルだ。発売は9月予定で299ユーロとのこと。
　完全ワイヤレスでソニーが圧倒的な支持を集める原動力となっているノイズキャンセルだが、IFA 2019のタイミングでライバル機が続々登場し、なかなか面白い事になっていた。ノイズキャンセル対応完全ワイヤレスチップの出荷が本格化すれば、今後完全ワイヤレスイヤホンの上位モデルの顔ぶれを一新するインパクトになるだろう。
ツイートする
カテゴリートップへ"
﻿8,"ascii","https://ascii.jp","IoT","https://ascii.jp/elem/000/001/932/1932646/","ASCII.jp：ソニーの点音源 完全制御の高級ニアフィールドスピーカーと ...","2019年09月09日 11時00分更新","","　ソニーはIFA 2019の会場で個性的なオーディオを出展している。「Signature」シリーズのニアフィールドスピーカー「SA-Z1」、そしてCES以来の出展となる「360 Reality Audio」についても紹介していこう。
　久しぶりにオーディオのソニーが復活！　と呼べるのが「Signature」シリーズのニアフィールドスピーカー「SA-Z1」だ。ハイエンドで展開するSignatureシリーズということで最初に価格を紹介しておくと、欧州価格は7000ユーロ（約83万円）と超弩級。欧州では2020年4月に発売を予定している。
　「SA-Z1」は一般的な分類ではアンプを内蔵したアクティブスピーカーで、特にデスクトップのニアフィールドリスニングを想定したものだ。だが、ソニーのSignatureシリーズで作るのだから、当然普通のスピーカーではない。
　デジタルアンプとアナログアンプを組み合わせた「D.A.Hybrid AMP」と「Tsuzumi」と呼ばれる対向配置のウーファー2基、メインツィーターとアシストツィーターの3トゥイーターからなる「I-ARRAY」によるシステムを構築。アルミ筐体で作りあげたパワードスピーカーで、ハイエンドやDAPユーザーがターゲットだ。
　そして、「点音源　完全制御」の技術だ。スピーカーユニットは同軸ユニットのため最初から波面合成された状態で出力。アンプは全16ch分を搭載し、それらの2つのFPGAで独立制御。左右をつなぐケーブルから音のズレもフィードバック制御し、左右のユニット、前後の位置までを時間軸で完璧に揃えて出力。さらにスピーカーユニットはアルミ（種類としてはすべてアルミだが、位置によって異なるアルミ素材）で、共振制御をする事で空間のブレも排除。これにより点音源　完全制御を達成した。
　スピーカーのボックスは、制約がある中で上手く良く聴こえる音にしていたのが、Hi-Fiオーディオの音響設計と呼ぶべきものだった。「SA-Z1」に対して、理論上に解明されている音の出方を、現在の設計製造精度とFPGA制御によって、すべての要素を廃して理論通りに鳴らす、そんなシステムだ。
　なお、左ユニットにはダイヤルスイッチでアンプの駆動などのセッティングを変える事で、音の変化を楽しむ機能も搭載。入力端子はUSB-B、ウォークマン入力端子、光デジタル端子を搭載。アナログはXLR、RCA、3.5mmステレオミニ端子と一通り搭載。
　実際にIFA 2019の会場で「SA-Z1」サウンドを体験したが、もはや異次元の高音質だった。音場や音像感が良い、という言葉で形容できるものでは既にない。音の一つ一つが完全にセパレーションしていて、しかもテージの真っ只中に自分が立ち、空間の中でどの位置から音が出ているかがわかって、目の前に歌っている人の顔がある、手を伸ばせば届くというレベルだ。音源の音空間を、そのまま自分の周囲に再現と呼ぶのがもっともイメージしやすいだろう。これはもう、体験した事がない音楽リスングの世界だ。
　ソニーでオーディオの企画ブランディング部門長を手掛ける黒住吉郎氏は、「オーディオの愉しみ方の新しい形を提案したい。これまではふくよかな音を広い部屋で聴くものだったものを、机の上に置いて1mの距離で聴く。これはヘッドホンと同じような体験なので、それを提案しています。音に対してもここまでの解像度を持ったピュアオーディオスピーカーというのは、これまでにない。新しいものを提案して価値を見出して作っていく」と語った。
　同時に「Signatureシリーズはエンジニアがこれをやりたい、というのに対して、場を作るというものでもある」とのことで、今までのオーディオ技術の蓄積あってこそ生まれたプロダクトとも言える。
ツイートする"
﻿9,"ascii","https://ascii.jp","IoT","https://ascii.jp/elem/000/001/930/1930773/","ASCII.jp：LINE Clovaの音声操作で使える「LINEカーナビ」リリース","2019年09月09日 10時00分更新","","　LINEは9月5日、音声アシスタント「LINE Clova」で操作できる「LINEカーナビ」をリリースした。
　スマホアプリ（iOS、Android）が用意され、ナビゲーションシステムとしてトヨタのハイブリッドナビエンジンを搭載。正確な到着予想時刻と走りやすい道を案内するという（一部機能はサービス開始後順次追加となる）。
　音声操作によりLINE MUSICの再生やLINEメッセージの送受信やカレンダーの確認も行なえるため、運転中のスマホ操作を防止して安全なドライビングが可能という。
ツイートする
カテゴリートップへ"
﻿10,"ascii","https://ascii.jp","IoT","https://ascii.jp/elem/000/001/916/1916650/","ASCII.jp：世界のベンチャーと日本市場をつなぐNTTデータのグローバル ...","2019年09月09日 11時00分更新","","　次回で第10回を迎えるNTTデータの「豊洲の港から presents グローバルオープンイノベーションコンテスト」。地域の課題やマーケットニーズに焦点をあてたチャレンジテーマを掲げたこのコンテストは、優れた技術やビジネスモデルを持ったベンチャー企業と、新たな価値を求める⼤企業をマッチングさせ、オープンイノベーションを通じて新しいビジネスの創発、そして社会課題の解決を⽬指している。
　世界16都市で行なわれる選考会で優勝した企業に対しては、世界210都市以上の拠点を持つNTTデータのグループ会社が協業を検討し、ビジネス化に向けたアクセラレーションといったバックアップも行なわれる。2020年1月には各地の優勝チームを東京に集めたグランドフィナーレが開催され、優秀な提案から優先的に、NTTデータとの協業によるビジネス化検討が実施される。
　そのビジネス化検討では、NTTデータ内にビジネスサポートチームを組織し、事業化に向けたコンサルティングや、NTTデータの顧客である大企業や幅広い業界へのアプローチ支援、行政への働きかけや法務支援といったバックアップなど、新ビジネスを作るために必要なことに対して一緒に汗をかく体制が用意される。
　今年3月に行なわれた「第9回 豊洲の港から presents グローバルオープンイノベーションコンテスト」のグランドフィナーレに参加した、上海代表のクラウドピック社は現在、NTTデータとともに新たなビジネスの立ち上げを5ヵ月で実施した。そこで今回は、クラウドピック社との協業に取り組んでいる、NTTデータ ITサービス・ペイメント事業本部 SDDX事業部サービスデザイン統括部 デジタルエクスペリエンス担当 部長の風間昭男氏とNTTデータ 技術革新統括本部 企画部 デジタル戦略担当 オープンイノベーション・チーム 主任の顔澤シン氏に、コンテスト後の取り組みの様子を伺ってきた。
　クラウドピック社は、センサー技術や機械学習によるデジタルトランスフォーメーションを実現するレジなし店舗ソリューションを提供する企業。現在NTTデータのクライアントが抱える課題に対し、それを解決するためにもっとも近いテクノロジーを持っていたと⾵間⽒は語る。
——クラウドピック社のソリューションはどのようなものでしょうか？
顔：簡単に⾔うと、QRコードで⼊店し、商品を取ってそのまま店を出られる仕組みで、商店などの⼈⼿不⾜解消が⾒込めます。実際に上海でビジネスを⾏なっており、そのユーザー体験を⽇本に紹介して、⽇本市場に新しい技術を展開していきたいと考えています。
⾵間：今回の取り組みでは、スキャンレスで物が買えるだけでなく、チェックインのデータが取得できます。インターネットでECサイトにアクセスすると、ページを開いた瞬間にトレースされていて、アクセスしたけど購⼊しなかった、途中まで選んだけど最後まで到達しなかったといったデータが取得されているので、それに合わせたマーケティングがなされます。しかし、リアルの世界にはそういった仕組みがありません。そうしたマーケティングをするには来店したという情報が必要で、そこにはスキャンレ スという価値が必要でした。様々な技術を組み合わせれば実現できますが、クラウドピック社の技術は精度とスピードが⾼かったのです。
——そのソリューションを使えばデータが取得できて、課題が解決するというわけですね。
⾵間：弊社はBtoBtoCのビジネスモデルなので、基本的にはBの課題を解決するわけですが、テクノロジーだけではすべての解決策にはなりません。業務や会計の基準も作らないといけないですし、費⽤対効果も算出しなければならず、テクノロジー以外に解決する課題がたくさんあります。それらが解決すると、このテクノロジーが活きるビジネスが⽣まれます。
——クライアントの課題を解決するためにクラウドピック社との協業を進めているわけですが、そうしたベンチャー企業と組む魅⼒というのはどこにありますか？
⾵間：ベンチャーは最初に⾃分たちでリスクをとってプロダクトを仕上げてくるところですね。スーパーアーリーステージで我々が作っていくと打率が悪いので、プロダクトを作るところまでやってくださるのは⾮常にありがたいです。
——ベンチャーと協業すると決める判断基準はどのようなものになりますか？
⾵間：実績や従業員数などもありますが、実際に会いに⾏って、信頼できるかどうかといったことも⾒ますが、1回や2回会うだけでは決めません。何回も会って、案件に対してどのくらいコミットしていただけるかを⾒極めます。
——ベンチャー側からしたらNTTデータと協業できるというのはそれだけで魅⼒だと思いますが、どのようなメリットがありますか？
顔：やはりいろいろな企業に対するチャンネルがあるということでしょうか。弊社に提案していただければ、弊社が持っている様々な業界へのチャンネルを使って、多くのお客さんに同時にアプローチできます。
⾵間：ベンチャーが⼤きなビジネスをする場合、例えば基幹システムとの接続などをつなげてくれるパートナーがいないので、そうした市場をカバーできるパートナーシップが組めます。また、海外のベンチャーの場合、ローカルといった⾯で翻訳や⾏政との調整、輸出⼊といったところをサポートができます。 また弊社で、CAFISというクレジットカードのネットワークや、Twitterの全量データを持っているので、ベンチャーがテクノロジーを使って何かを作った際、そうしたデータを掛け合わせたらどのようなことができるかといった取り組みが考えられ、それがお互いにいいソリューションを作ることにつながるのではと思っています。
——NTTデータは海外にも拠点があるので、⾃分の国以外との協業とかも考えられますよね。
⾵間：⽇本のコンテストではありますが、そこに応募してもらえれば弊社のグループ会社と組むといった、世界に向けたイノベーティブ路線も考えられますね。⽇本のベンチャーの場合、従業員が少ないこともあってローカライズの対応ができなかったり、そうした部分に⼈を割けないということもあると思います。弊社と協業できれば、それを弊社のソリューションという形で組み込んで、海外の⼦会社を経由して販売するといったこともできます。
ツイートする"
﻿11,"ascii","https://ascii.jp","IoT","https://ascii.jp/elem/000/001/928/1928532/","ASCII.jp：防弾ベストがずり落ちないミリタリーなハンガーを買いました (1/3 ...","2019年09月08日 17時00分更新","","　なんだかゴツいハンガーをネットで見つけたので買ってみました。ものすごくミリタリーテイストだったんで思わずポチってしまったのです。
　このハンガーはRegulator Dive Hangerという製品で、メーカーはFMA。なんかロゴに見覚えがあるなと思ったら、レプリカのヘルメットやライト、ナイトビジョンなど、サバイバルゲーム関連グッズをいろいろと作っている、ワタシにとってはおなじみの会社でした。まさかハンガーを作ってるだなんて思わないから、最初は気づかなかったんですが、そりゃミリタリーっぽいわけですよね。
　ミリタリーと言っておきながらアレですが、本来はレギュレーターダイブハンガーという名前のとおり、レギュレーターやウェットスーツなどのダイビング機材をひとまとめにして保管するためのハンガーだそうです。
　ただ、FMAがミリタリー系グッズのメーカーであるためか日本ではミリタリーショップが取り扱っていることが多く、ワタシが買ったサイトでもダイビング用品のほか、ベストや迷彩服、小物類を整理できると書かれていました。
　色は黒と青、ピンク、ダークアース、ODがある中、ダークアースをチョイス。海兵隊のシャツにピッタリです。
　シャツや迷彩服、Tシャツなどをかけるぶんには、ごく普通のハンガーと変わりありません。このハンガーが本領を発揮するのはベストなどに使うときです。
　プレートキャリアJPC2.0の撮影をしたとき、家にあった木製ハンガーにかけたんですけど、ちょっと傾くと肩の部分がスルスルと落ちてしまったんですよね。数kgある重たいプレートを入れていないのにそんな状態ですから、プレートを入れたらより不安定になってしまいます。
ツイートする"
﻿12,"ascii","https://ascii.jp","IoT","https://ascii.jp/elem/000/001/931/1931565/","ASCII.jp：F5「BIG-IP」のiRule、コーディング次第で脆弱性量産リスクあり ...","2019年09月09日 07時00分更新","","　F5ネットワークスの「BIG-IP」は、市場で高いシェアを誇るロードバランサー／ADC製品だ。「iRule」と呼ばれる同社独自のスクリプト言語（iRulesとも呼ばれる）を備えており、たとえば負荷分散先を指定したり、コンテンツ内容など各種条件を指定してダイナミックに設定変更したり、通信内容を書き換えたりと、きめ細かいトラフィック制御をすることができる。
　iRuleは元々、「Tcl」（Tool Command Languageの略、ティクルと発音する）というスクリプト言語のバージョン8.4をベースに開発された言語だ。そして今回、このTclに起因する潜在的な脆弱性が見つかり、iRuleスクリプトの書き方によっては“コマンドインジェクション（不正なコマンド挿入）”攻撃が可能であることが判明した。Webサイトのネットワークエンジニアが書いたiRuleスクリプトに潜在的な脆弱性があり、攻撃者がこれを悪用すれば、BIG-IPを乗っ取って、最悪の場合はそこを流れるトラフィックデータや認証情報などを傍受することも可能になるという。
　2019年8月3日～8日にかけて米国ラスベガスで開催された「Black Hat USA 2019」において、この脆弱性の発見者であるF-Secureのシニアセキュリティコンサルタントであるクリストファー・ジャーカビー氏が詳しく解説した。
　ジャーカビー氏がこの脆弱性を発見したのは、ある顧客からBIG-IP導入時のセキュアな活用方法についてのコンサルティング依頼を受け、調査したときだったという。
　「Tclにコマンドインジェクション攻撃のリスクがあることは、実は1995年頃から指摘されていた。ネット検索すれば、少ないながらもドキュメントやWikiが見つかる。それなのに、なぜかはわからないがその存在を否定する人が多くて。Tclの脆弱性はまるで“都市伝説”みたいに扱われ、気が付いたら人々の記憶から消え去っていた」。ジャーカビー氏はインタビューで首をすくめながらそう述べる。
　脆弱性を発見したジャーカビー氏はF5ネットワークスに情報提供を行い、以後は密に連携しながら修正や対策案を検討していった。F5はセキュリティアドバイザリーを公開したほか、脆弱な記述を検出した場合はスクリプトを保存するタイミング、またはシステムログに警告を表示する対策を実施すると発表している。
■F5のセキュリティアドバイザリー（K15650046） 　https://support.f5.com/csp/article/K15650046
　この問題はBIG-IPそのものではなくiRule/Tclスクリプトに潜在する欠陥であり、顧客企業のネットワークエンジニアが特定のコーディング手法をとった場合に生じるものだ。したがって、F5がソフトウェアパッチなどで修正できるものではなく、顧客企業自らで問題を調査し、修正する必要があるとF-Secureでは強調している。
　「iRuleやTclの脆弱性ではあるけれど、ユーザーが『セキュアコーディング』を意識し、作成したスクリプトが安全かどうかをきちんと解析／検証することで攻撃は防ぐことができる。正しくコーディングすることでSQLインジェクション攻撃を防ぐのと同じだ」
　後述するとおり、ジャーカビー氏は自動検証ツールも提供している。これをきっかけに、BIG-IPを運用するネットワークエンジニアもセキュアコーディングを取り入れてもらえるとうれしいと、同氏は語る。
ツイートする"
﻿13,"ascii","https://ascii.jp","IoT","https://ascii.jp/elem/000/001/930/1930489/","ASCII.jp：マツダ ロードスターRFのバックカメラは事故防止のお守り (1/4 ...","2019年09月08日 12時00分更新","","　北海道の短い夏は終わりました。みなさま、夏休みはいかがお過ごしでしたか。新車を買った情報2019。私は四本淑三であります。
　私の夏のイベントは、日高山脈の向こうっ側にある十勝スピードウェイで、魔改造された友達のNSXに乗っけてもらったことであります。久々に強烈な前後左右Gを体感し、「うひゃひゃひゃひゃーっ！　少しは手加減しろー！　わー！　うはははは！　えひーっ！」のような狂乱の渦中に放り込まれまして、誠に持つべきものは友でありますねえ。
　ちなみに、我々のピットの隣は札幌の恒志堂レーシングで、あのオーバー1億円マシン、マクラーレン・セナを拝むこともできました。セナをサーキットで見るのは、1989年の鈴鹿以来でしょうか。と、主語も混乱するほどのカッコ良さでありました。
　さて、今回も話題の中心はロードスターRFでありまして、後悔のない選び方の続きであります。これまで幾多の誘惑を乗り越え、あなたは市場にあふれる膨大なクルマの中から、ロードスターRFを選ぶことにしました。すると、次には装備やオプションを勘案しながら、グレードを選択する試練が待ち受けております。
　ロードスターRFは「S」「VS」「RS」の3グレード構成。私はVSにいたしましたが、これまた買った後で後悔の生じるものでして、あれを付けておけばよかった、これは全然いらない、あれがないのはけしからんのでマツダのお客様相談室に言いつけたい。
　そのほか、いろいろ。後悔は細部に宿るわけであります。その悔いる原因をなるべく作らないようにするため、グレード、オプションの選択のビフォア・アンド・アフターを、自腹購入者の経験としてお伝えしていけたらと思います。
　まずは付けて良かったものから。
ツイートする"
﻿14,"ascii","https://ascii.jp","IoT","https://ascii.jp/elem/000/001/932/1932410/","ASCII.jp：UQやauが販売する防水／FeliCa対応のお手頃ミドル機 ...","2019年09月08日 12時00分更新","","　UQ mobileに加え、auやJ:COMからも販売されているサムスン電子「Galaxy A30」。ミドルクラスのスマートフォンが人気を集めつつある中、そこそこのパフォーマンスに加え、防水やおサイフケータイに対応する数少ない機種だ。しかも、UQ mobileで販売されるGalaxy A30は最初からSIMフリーで提供される。
　ミドルクラスのスマートフォンといえば、ファーウェイ「HUAWEI P30 lite」を筆頭に、ASUS「Zenfone Max」シリーズやモトローラ「moto g7シリーズ」などがあり、どれも評価が高く、グラフィックを多用するゲーム以外では、ストレスなく利用できる性能を持っていて、かなり充実した状況となっている。
　しかし、防水対応やおサイフケータイが必要となると選択肢は減ってしまう。SIMフリーで単体購入できる機種は皆無で、キャリアが販売するモデルではUQ mobileやauなどで販売される「Galaxy A30 SCV43」、ドコモの「Galaxy feel2 SC-02L」「Xperia Ace SO-02Lく」などに限られる。もう少し性能を犠牲にすればシャープ「AQUOS sense 2」が加わる程度。
　そして、これらの機種のうち、最も登場が新しく、しかも未使用中古品も含めてSIMフリーで安価に入手しやすいのがGalaxy A30ということになる。
　問題は対応バンドがauネットワークでの利用が前提になっていること。キャリアが販売するモデルはiPhoneやPixelシリーズなど、ごく一部の例外を除けば自社ネットワーク向けに最適化されている。特にプラチナバンドと呼ばれるバンドではドコモ、au、ソフトバンクのいずれかしか利用できず、他社のネットワークで利用するには相性が悪くなる。Galaxy A30でも、ドコモやソフトバンクのネットワークの格安SIMで使う場合は、エリアが狭くなる可能性がある。
　このことはGalaxy feel2 SC-02L、Xperia Ace SO-02Lがドコモ向けであるため、auネットワークの格安SIMを使う場合は同様のことが言えるのだが、MVNOの格安SIMといえばドコモネットワークのものが主流なのであまり不利にならない。
　ということで、実際にGalaxy A30をドコモやソフトバンクのネットワークで使った場合、実用になるのかどうかを試してみたい。
　今回入手したのは、筆者がUQ mobileに加入した際に同時購入したGalaxy A30 SCV43。数日に渡って使ってみたが、ドコモ／ソフトバンクのネットワークのSIMを挿してもあまり問題になることはなかったというのが筆者の感想だ。使ったSIMは手持ちの関係でドコモネットワークがドコモ契約のSIMとIIJmio、ソフトバンクネットワークがY!mobileだ。
　Galaxy A30の対応バンドはauのウェブサイトの表記によると、バンド1/3/18/26の4つ。auネットワークならいずれも使うことができるが、ドコモ／ソフトバンクでは2GHz帯のバンド1、1.7GHz帯のバンド3しか利用できない。ただし、バンド1はどの端末もどのキャリアもほぼ対応しているほか、訪日外国人など海外からローミングで入ってくる端末が使うバンドであることから、どのキャリアも実はかなり充実させているのだ。
　移動していると、ドコモネットワークの場合、たまに電波が弱い穴を感じることがあり、ふと見るとアンテナが1～2本立ち、というシーンもあった程度で、電波が極端に弱いときはデータの流れも少し滞る印象。ただし、少し移動すれば回復した。都心の繁華街ではエリアが不利になったということはなく、電波が弱いのはあまり人が多くない場所で建物の影になった場合や郊外などだ。
　エリアは狭いと感じてもデータは安定して流れてくる。電車で移動中など長時間の動画配信を見ていても、映像が止まったりすることもなく良好に楽しめた。
　一方、ソフトバンクネットワークの場合は、もともとバンド1や3に注力した経緯があるのか、穴はより感じることなく、auネットワークで使っているときと差を感じなかった。プラチナバンドしか入らない場所がなかったのかもしれないが、ドコモに比べると良好な印象だった。
　もっとも、これは筆者の数日間の行動エリアに限っての話なので、人によっては使い勝手が大きく落ち込む可能性もある。山奥などに行けば状況は変わってくるかもしれないのでそこは留意してほしい。
　ちなみにドコモネットワークの場合はVoLTEに対応するため、対応する通話相手ならば「HD」のマークが付く高音質な通話が可能だった。ソフトバンクネットワークではソフトバンクやドコモ、auにかけてみたがいずれも「HD」マークにならなかった。
ツイートする"
﻿15,"ascii","https://ascii.jp","IoT","https://ascii.jp/elem/000/001/928/1928532/index-2.html","ASCII.jp：防弾ベストがずり落ちないミリタリーなハンガーを買いました (2/3 ...","2019年09月08日 17時00分更新","","　そんなとき役に立つのが両端部分。はめ込み式になっていて、取り外して上下をひっくり返すとフック状になるのです。
　台形のはめ込み部分は絶妙な設計で、手で簡単に脱着ができるのにガタつきは皆無。ピッタリはまり、たとえベストが傾いたとしても勝手に外れてしまうようなことはありません。
　普通のハンガーだとショルダーハーネスがズルズル落ちがちですけど、これなら大丈夫。サスペンダーのパンツやバックパックなどもかけられます。
　真ん中の穴はグリップ状になっているので、装備一式をそのまま移動させることも可能です。上のフックのところを持つと指に食い込んで痛いですが、これなら痛くもないし安定性も抜群。保管場所から出し入れするのも楽チンです。
　幅は3cmもあり、断面は鉄骨のH型鋼のように周囲が5mm厚のフランジで囲われています。とてもハンガーとは思えない頑丈さ。素材であるABS樹脂も衝撃に強いので、数kg程度の力がかかっても壊れることはまずありません。
　ただ、耐候性は低めで長時間直射日光に当たると劣化してしまうので、屋外や日当たりの良すぎるところで使うときは要注意。また薬品に弱いので、汚れたからといってアルコールで拭いたりするのは避けましょう。
ツイートする"
﻿16,"ascii","https://ascii.jp","IoT","https://ascii.jp/elem/000/001/930/1930489/index-4.html","ASCII.jp：マツダ ロードスターRFのバックカメラは事故防止のお守り (4/4 ...","2019年09月08日 12時00分更新","","　私が注文したオプションは、このバックカメラ以外は、純正フロアマットのみ。あとはボディーカラーに追加料金のいるソウルレッドクリスタルメタリックを選んだくらいであります。
　なにしろ最近のクルマは標準装備が充実しておりまして、最初からなんでも付いてくる。クルーズコントロールやオートワイパー、自動防眩ミラーにアダプティブLEDヘッドライトなど、使ってみるとあら便利、というものもありますが、最初から余計だとわかっているものは削りたい。でも削れない。なんで？
　といったしみったれた話は、また今度にいたしましょう。
ツイートする
カテゴリートップへ"
﻿17,"ascii","https://ascii.jp","IoT","https://ascii.jp/elem/000/001/932/1932478/","ASCII.jp：グーグルと考える「スマホばかり見てる」と言われない生活 (1/4)","2019年09月08日 12時00分更新","","　2018年開催のグーグルの開発者会議「Google I/O」で発表し、Android OSに追加された機能「Digital Wellbeing」。実際のところ、どれぐらいのユーザーが有意義に活用できているだろうか？　7月23日〜25日まで、Digital Wellbeingについて考えるワークショップが、グーグル主催で開催された。出席したのは、アジア太平洋地域のジャーナリストやインフルエンサーたち。
　彼らとともに、Digital Wellbeingについて考え、実践した模様をレポートする。
　Digital Wellbeingという言葉を見聞きしても、英語話者ではないと「Wellbeing」という言葉に、ピンとこないかもしれない。日本語にすると「幸福、健康、福利、快適な状態」などが当てはまり、意訳すると「テジタルとの快適な状態」などに当たるだろう。
<!-- No CDATA -->
テクノロジーとの関係をさまざまな人に問いかけた、グーグル制作の動画
　日本では「スマホ中毒」「デジタル・デトックス」などの言葉をよく見聞きするが、Digital Wellbeingは「生活から、デジタルやテクノロジー関連を一切遮断する」という、強い意味ではないという。どちらかというと、デジタルやテクノロジーとの付き合い方を意識し、日常生活が名実ともに快適に過ごせるように、「各自にあったバランスのよい関係を築こう」という考えのようだ。
　Digital Wellbeingのワークショップで、スピーカーとして登壇したPhone Life BalanceのCEO Georgina Powell氏によると、彼女が生活しているイギリスでは、メディテーションが「自分と向き合う取り組み」として普及していると話した。そのような中で、数年前にアーリーアダプターから「デジタルやテクノロジーとの付き合い方が、ホントにこのままでいいのか？」と問題定義が始まり、現在は一般に浸透しているという。
　IT関連企業に限らず、昨今の発表会やカンファレンスに参加すると、情報を多くの人に知らせるようにと、ハッシュタグを告知され、SNSに写真やコメントをできる限り多く投稿するように即される――こんな生活に、記者は慣れていた。同じくワークショップに参加したインフルエンサーたちは、自身の数十万近いフォロワーに向けて日常生活を切り売りするかのごとく、常に何かしらの情報を発信している生活を送っているという。
　そんな四六時中、SNSやデジタルデバイスに接している参加者たちに、ワークショップの司会者が開口一番に放った言葉が「この箱の中に、皆さんのスマートフォンやデジタルデバイスを入れてください」であった。
　参加者一同で顔を見合わせ「えっ、シェアしなくていいの!? グーグルのイベントに参加していることをフォロワーに伝えなくていいの!?」と、戸惑うばかり。参加者の行動を見直すことから、本ワークショップは開始した。
ツイートする"
﻿18,"ascii","https://ascii.jp","IoT","https://ascii.jp/elem/000/001/931/1931140/","ASCII.jp：お酒が苦手な人はぜひ！安心してお酒が飲めるアルコール ...","2019年09月08日 21時00分更新","","<!-- No CDATA -->
　アスキーストアで販売中の、学習型IoTアルコールガジェット「TISPY2」を紹介します。
　TISPY2は、飲酒時に呼気に含まれるアルコール濃度に応じてアドバイスを表示する、学習型IoTアルコールガジェットです。アルコールセンサーとメモリーカードを組み合わせることで体内のアルコール濃度を測定します。データを蓄積して学習するため、アルコールのセルフケアが簡単にできます。
　飲酒中にTISPY2に息を吹きかけると「まだ飲めそうですね」や「そろそろ水を飲んだ方が良いです」などのアドバイスを本体ディスプレーに表示します。
　メモリーカードとして16GBのFlashAir（東芝メモリ製）を同梱し、開封後すぐに使うことができます。また、スマホと連動して、ウェブアプリでアルコールのセルフケアができます。
　ユーザーだけでなく、ゲストにもアドバイスを表示する「ゲストモード」を搭載。呼気に含まれるアルコール濃度に応じた汎用的なアドバイスを表示します。ゲスト一人ひとりにパーソナライズした使い方はできません。
　日本語はもちろん、英語、中国語、韓国語の計4ヵ国語に対応します。その場でスマホと連動して製品本体の言語設定を変更できるため、グローバルなゲストと交流するきっかけにもなります。
　電源はUSB経由からの給電か、単4電池2本。キャップ部分を除いたサイズは幅70×奥行き70×高さ18mmで、スーツの胸ポケットにも収まるすっきりとしたサイズです。重さは約100g。
　カラーバリエーションは本体がブラックのみ。吹きかけ口はシルバーとピンクゴールド。シックで上品なゴールドは高級感にあふれ、幅広い層の方におすすめです。
　アスキーストアでは1万6200円で販売中。さらに詳しい情報はアスキーストアでチェックしてください。
仲間と安心して楽しめる飲み会を! 学習型IoTアルコールガジェット「TISPY2」
アスキーストア送料変更に関するお知らせ
　このほかにも、アスキーストアでは一工夫あるアイテムを多数販売中。アスキーストアの公式TwitterやFacebook、メルマガでは、注目商品の販売開始情報をいち早くゲットできます！これであなたも買い物上手に⁉
ツイートする
カテゴリートップへ"
﻿19,"ascii","https://ascii.jp","IoT","https://ascii.jp/elem/000/001/930/1930489/index-3.html","ASCII.jp：マツダ ロードスターRFのバックカメラは事故防止のお守り (3/4 ...","2019年09月08日 12時00分更新","","　バックカメラを付けて良かったもうひとつの理由は、リバースにギアが入っているのが一目でわかること。ロードスターの手動変速機のシフト操作は、ちょっと特殊です。シフトレバーを押し込みながら左上に動かすと、リバースに入る仕組み。
　これでゲートが隣接する1速と間違えないようにしよう、不意にリバースに入ってしまうことを防ごう、というわけです。
　ところが人間のやることなので、リバースに入れたつもりが、押し込む力が弱くて1速に入っていた。あるいは若干レバーが押ささっていて（注：北海道弁）リバースに入っていた。なーんてことが、ままございます。
　自動変速機と違ってリバースに入っても音は鳴りません。メーターパネルのシフトインジケーターも、クラッチをつなぐまでなにも表示しません。あれは変速を促す以外に、一体、なんのために付いているんでありましょう？
　小言はさておき、自分の誤操作に気付かず、そのままクラッチをつなぐと、意思とは逆に走り始めますから、さあ大変。とはいえ、さすがに半クラッチでじわっと動き始めた瞬間に気がつくんでありますが、なかなか心臓に悪い。
　特にエンジン始動直後はアイドリング回転も高いですから、運が悪いとコンビニロケットにもなりかねない。どこかの国のお偉いさんと違って、不逮捕特権のようなものを持たない我々庶民は、どうすればいいのでしょうか。
　バックカメラであります。停止状態でモニターにリアの画像が映っていればリバース、そうでなければ1速と、モニターで確認できるのであります。
ツイートする"
﻿20,"ascii","https://ascii.jp","IoT","https://ascii.jp/elem/000/001/932/1932302/","ASCII.jp：【鉄板＆旬パーツ】グリスの新定番？ 高性能で塗りやすい親和 ...","2019年09月08日 17時00分更新","","　今回目を付けたのは、「CPUグリスと熱伝導シートの代用品をRyzen 9 3900Xで再探索」の記事を読んで、その重要性を認識、再確認した人も意外と多いのではないだろうかと思われる“CPUグリス”だ。
　CPUクーラーの付属品や、CPUクーラーの受熱ベース部にあらかじめ塗布されているCPUグリスで問題はないが、せっかく購入した大型ヒートシンク装備の空冷CPUクーラーや、オールインワン水冷キットの高い冷却性能を最大限活かして冷却するなら、CPUグリスにこだわりたいところ。
　パーツショップ店頭には、いろいろと並んでいるが、定番は真っ赤なクマさんのロゴがひと際目立つ、Thermal Grizzly社の製品と、適度な粘度と8.5W/m・kの高い熱伝導率に、容量4gで1200円前後とコスパ優秀なArctic Cooling「MX-4」になる。
　この定番品に、新たにプラスされそうなのが、8月上旬に発売されたプロオーバークロッカー清水貴裕氏と親和産業のコラボレーションにより誕生したCPUグリスの「OC Master（SMZ-01R）」だ。
　「OC Master（SMZ-01R）」は、空冷や水冷での使用に重点を置き、常用温度域で最もパフォーマンスが出るように清水氏が徹底検証した一品。とくに極冷オーバークロック時の性能を重視しないことでトップクラスの性能を実現したという。
　また、極冷オーバークロックに対応したハイエンドグリスは粘度が高く、塗りにくくなりがちだが「OC Master（SMZ-01R）」は、清水氏によると「常温域での使用に特化させて開発。初心者から上級者まで多くの人に“塗りやすくてよく冷える”製品にした」とのことだ。
ツイートする"
